CRASH_TIME,COLLISION_COUNT,PERC
0:00,18162,0.9466588343096849
0:01,2413,0.1257729196778587
0:02,494,0.025748786705703356
0:03,317,0.016523006853659847
0:04,310,0.016158145503579028
0:05,2895,0.1508962297834235
0:06,292,0.015219930603371215
0:07,282,0.014698700103255762
0:08,333,0.01735697565384457
0:09,292,0.015219930603371215
0:10,2716,0.1415662038313569
0:11,250,0.013030762502886314
0:12,369,0.0192334054542602
0:13,286,0.014907192303301942
0:14,248,0.012926516402863223
0:15,3134,0.16335363873618283
0:16,261,0.013604116053013312
0:17,308,0.01605389940355594
0:18,278,0.014490207903209582
0:19,265,0.013812608253059492
0:20,2588,0.13489445342987913
0:21,268,0.013968977403094128
0:22,280,0.01459445400323267
0:23,303,0.015793284153498212
0:24,249,0.012978639452874769
0:25,1405,0.07323288526622108
0:26,252,0.013135008602909405
0:27,270,0.014073223503117219
0:28,299,0.015584791953452031
0:29,200,0.010424610002309051
0:30,5416,0.2822984388625291
0:31,195,0.010163994752251325
0:32,237,0.012353162852736226
0:33,261,0.013604116053013312
0:34,217,0.011310701852505321
0:35,1399,0.07292014696615182
0:36,256,0.013343500802955585
0:37,242,0.012613778102793951
0:38,253,0.01318713165292095
0:39,213,0.011102209652459139
0:40,2107,0.10982326637432585
0:41,218,0.011362824902516866
0:42,244,0.012718024202817042
0:43,272,0.01417746960314031
0:44,210,0.010945840502424503
0:45,2364,0.12321889022729299
0:46,211,0.01099796355243605
0:47,221,0.011519194052551501
0:48,276,0.01438596180318649
0:49,188,0.009799133402170509
0:50,2112,0.11008388162438358
0:51,176,0.009173656802031966
0:52,252,0.013135008602909405
0:53,260,0.013551993003001767
0:54,226,0.011779809302609228
0:55,1059,0.055198309962226424
0:56,215,0.01120645575248223
0:57,216,0.011258578802493775
0:58,250,0.013030762502886314
0:59,151,0.007870580551743334
10:00,18656,0.9724076210153882
10:01,348,0.01813882140401775
10:02,415,0.02163106575479128
10:03,439,0.02288201895506837
10:04,418,0.021787434904825917
10:05,2260,0.11779809302609227
10:06,460,0.023976603005310817
10:07,485,0.02527967925559945
10:08,563,0.02934527715649998
10:09,452,0.023559618605218456
10:10,3609,0.18811208749166683
10:11,448,0.023351126405172274
10:12,613,0.03195142965707724
10:13,475,0.024758448755483997
10:14,496,0.025853032805726445
10:15,6199,0.32311078702156903
10:16,445,0.02319475725513764
10:17,444,0.023142634205126092
10:18,554,0.02887616970639607
10:19,444,0.023142634205126092
10:20,5227,0.27244718241034704
10:21,402,0.020953466104641192
10:22,523,0.02726035515603817
10:23,487,0.02538392535562254
10:24,505,0.026322140255830354
10:25,2679,0.13963765098092973
10:26,534,0.027833708706165167
10:27,506,0.0263742633058419
10:28,536,0.027937954806188256
10:29,418,0.021787434904825917
10:30,13626,0.7102286794573156
10:31,344,0.017930329203971567
10:32,447,0.02329900335516073
10:33,510,0.02658275550588808
10:34,446,0.023246880305149185
10:35,2488,0.1296821484287246
10:36,473,0.024654202655460904
10:37,442,0.023038388105103003
10:38,550,0.02866767750634989
10:39,414,0.021578942704779735
10:40,4974,0.2592600507574261
10:41,384,0.020015251204433378
10:42,454,0.023663864705241545
10:43,431,0.022465034554976004
10:44,499,0.026009401955761083
10:45,5872,0.30606654966779373
10:46,441,0.022986265055091458
10:47,460,0.023976603005310817
10:48,579,0.030179245956684704
10:49,366,0.019077036304225563
10:50,5317,0.2771382569113861
10:51,369,0.0192334054542602
10:52,449,0.02340324945518382
10:53,500,0.026061525005772627
10:54,492,0.025644540605680267
10:55,2501,0.13035974807887468
10:56,403,0.021005589154652737
10:57,510,0.02658275550588808
10:58,618,0.03221204490713497
10:59,377,0.01965038985435256
11:00,18273,0.9524444928609664
11:01,314,0.01636663770362521
11:02,445,0.02319475725513764
11:03,447,0.02329900335516073
11:04,423,0.022048050154883644
11:05,2461,0.12827482607841287
11:06,459,0.023924479955299272
11:07,498,0.025957278905749538
11:08,547,0.028511308356315254
11:09,481,0.02507118705555327
11:10,3788,0.19744211344373344
11:11,547,0.028511308356315254
11:12,537,0.0279900778561998
11:13,493,0.02569666365569181
11:14,447,0.02329900335516073
11:15,6180,0.3221204490713497
11:16,436,0.02272564980503373
11:17,518,0.026999739905980442
11:18,543,0.028302816156269072
11:19,454,0.023663864705241545
11:20,5599,0.2918369570146419
11:21,417,0.021735311854814372
11:22,543,0.028302816156269072
11:23,495,0.0258009097557149
11:24,507,0.026426386355853444
11:25,2769,0.14432872548196882
11:26,493,0.02569666365569181
11:27,540,0.028146447006234438
11:28,580,0.03023136900669625
11:29,428,0.02230866540494137
11:30,14348,0.7478615215656513
11:31,335,0.01746122175386766
11:32,461,0.02402872605532236
11:33,476,0.024810571805495542
11:34,485,0.02527967925559945
11:35,2816,0.14677850883251145
11:36,500,0.026061525005772627
11:37,543,0.028302816156269072
11:38,593,0.030908968656846336
11:39,474,0.024706325705472452
11:40,5577,0.2906902499143879
11:41,397,0.020692850854583465
11:42,515,0.026843370755945808
11:43,524,0.027312478206049713
11:44,519,0.027051862955991986
11:45,6479,0.3377052410248017
11:46,447,0.02329900335516073
11:47,537,0.0279900778561998
11:48,556,0.028980415806419163
11:49,462,0.02408084910533391
11:50,5734,0.29887356876620047
11:51,432,0.02251715760498755
11:52,566,0.029501646306534613
11:53,484,0.025227556205587903
11:54,454,0.023663864705241545
11:55,2671,0.13922066658083737
11:56,482,0.025123310105564813
11:57,523,0.02726035515603817
11:58,610,0.03179506050704261
11:59,370,0.019285528504271746
12:00,20178,1.0517389031329603
12:01,426,0.022204419304918278
12:02,451,0.02350749555520691
12:03,487,0.02538392535562254
12:04,482,0.025123310105564813
12:05,2667,0.1390121743807912
12:06,476,0.024810571805495542
12:07,491,0.025592417555668722
12:08,604,0.031482322206973334
12:09,541,0.028198570056245983
12:10,4214,0.2196465327486517
12:11,468,0.02439358740540318
12:12,646,0.03367149030745824
12:13,501,0.026113648055784172
12:14,514,0.02679124770593426
12:15,6795,0.35417612482845
12:16,462,0.02408084910533391
12:17,541,0.028198570056245983
12:18,609,0.03174293745703106
12:19,488,0.025436048405634085
12:20,5924,0.3087769482683941
12:21,414,0.021578942704779735
12:22,563,0.02934527715649998
12:23,526,0.027416724306072806
12:24,558,0.029084661906442252
12:25,2875,0.14985376878319262
12:26,476,0.024810571805495542
12:27,527,0.02746884735608435
12:28,594,0.03096109170685788
12:29,452,0.023559618605218456
12:30,15131,0.7886738697246912
12:31,362,0.01886854410417938
12:32,474,0.024706325705472452
12:33,478,0.02491481790551863
12:34,486,0.025331802305610995
12:35,2766,0.14417235633193418
12:36,556,0.028980415806419163
12:37,548,0.0285634314063268
12:38,659,0.034349089957608325
12:39,444,0.023142634205126092
12:40,5505,0.28693739031355664
12:41,431,0.022465034554976004
12:42,575,0.029970753756638522
12:43,532,0.027729462606142077
12:44,557,0.029032538856430708
12:45,6665,0.3474001283269491
12:46,485,0.02527967925559945
12:47,568,0.029605892406557706
12:48,630,0.03283752150727351
12:49,491,0.025592417555668722
12:50,6030,0.3143019915696179
12:51,465,0.024237218255368544
12:52,538,0.02804220090621135
12:53,568,0.029605892406557706
12:54,530,0.027625216506118985
12:55,2672,0.13927278963084894
12:56,546,0.02845918530630371
12:57,571,0.02976226155659234
12:58,626,0.03262902930722733
12:59,405,0.02110983525467583
13:00,22435,1.169380627009018
13:01,374,0.019494020704317924
13:02,455,0.02371598775525309
13:03,406,0.021161958304687374
13:04,524,0.027312478206049713
13:05,2634,0.1372921137304102
13:06,496,0.025853032805726445
13:07,560,0.02918890800646534
13:08,620,0.032316291007158056
13:09,534,0.027833708706165167
13:10,4648,0.24226793645366235
13:11,506,0.0263742633058419
13:12,602,0.031378076106950245
13:13,600,0.031273830006927156
13:14,521,0.02715610905601508
13:15,6605,0.3442727453262564
13:16,518,0.026999739905980442
13:17,531,0.02767733955613053
13:18,618,0.03221204490713497
13:19,475,0.024758448755483997
13:20,6459,0.3366627800245708
13:21,444,0.023142634205126092
13:22,594,0.03096109170685788
13:23,496,0.025853032805726445
13:24,564,0.029397400206511524
13:25,3028,0.15782859543495903
13:26,572,0.029814384606603885
13:27,549,0.028615554456338347
13:28,615,0.03205567575710033
13:29,471,0.024549956555437815
13:30,15735,0.8201561919316646
13:31,397,0.020692850854583465
13:32,490,0.025540294505657174
13:33,499,0.026009401955761083
13:34,520,0.027103986006003535
13:35,2874,0.14980164573318105
13:36,510,0.02658275550588808
13:37,530,0.027625216506118985
13:38,677,0.035287304857816136
13:39,497,0.025905155855737994
13:40,6267,0.3266551544223541
13:41,437,0.022777772855045276
13:42,580,0.03023136900669625
13:43,542,0.028250693106257527
13:44,543,0.028302816156269072
13:45,6649,0.3465661595267644
13:46,523,0.02726035515603817
13:47,526,0.027416724306072806
13:48,641,0.03341087505740051
13:49,496,0.025853032805726445
13:50,6640,0.34609705207666047
13:51,437,0.022777772855045276
13:52,516,0.026895493805957352
13:53,559,0.029136784956453797
13:54,522,0.027208232106026624
13:55,2712,0.14135771163131072
13:56,523,0.02726035515603817
13:57,547,0.028511308356315254
13:58,627,0.032681152357238875
13:59,426,0.022204419304918278
14:00,24174,1.260022610979095
14:01,366,0.019077036304225563
14:02,558,0.029084661906442252
14:03,510,0.02658275550588808
14:04,476,0.024810571805495542
14:05,2777,0.14474570988206117
14:06,580,0.03023136900669625
14:07,594,0.03096109170685788
14:08,693,0.036121273658000864
14:09,520,0.027103986006003535
14:10,5175,0.2697367838097467
14:11,574,0.029918630706626977
14:12,705,0.03674675025813941
14:13,597,0.03111746085689252
14:14,688,0.035860658407943134
14:15,7242,0.37747512818361073
14:16,549,0.028615554456338347
14:17,611,0.031847183557054154
14:18,656,0.034192720807573684
14:19,521,0.02715610905601508
14:20,7777,0.40536095993978744
14:21,539,0.028094323956222893
14:22,707,0.0368509963581625
14:23,658,0.03429696690759678
14:24,625,0.032576906257215786
14:25,3533,0.18415073569078938
14:26,602,0.031378076106950245
14:27,600,0.031273830006927156
14:28,753,0.03924865665869358
14:29,498,0.025957278905749538
14:30,18759,0.9777762951665775
14:31,452,0.023559618605218456
14:32,596,0.031065337806880974
14:33,600,0.031273830006927156
14:34,559,0.029136784956453797
14:35,3425,0.1785214462895425
14:36,687,0.03580853535793159
14:37,581,0.030283492056707793
14:38,689,0.03591278145795468
14:39,542,0.028250693106257527
14:40,7407,0.3860754314355157
14:41,503,0.026217894155807265
14:42,614,0.03200355270708879
14:43,637,0.03320238285735433
14:44,693,0.036121273658000864
14:45,8532,0.4447138626985041
14:46,640,0.03335875200738896
14:47,645,0.03361936725744669
14:48,750,0.039092287508658945
14:49,596,0.031065337806880974
14:50,8190,0.42688777959455565
14:51,538,0.02804220090621135
14:52,644,0.03356724420743514
14:53,675,0.03518305875779305
14:54,591,0.030804722556823247
14:55,3477,0.18123184489014285
14:56,664,0.03460970520766605
14:57,670,0.03492244350773532
14:58,760,0.03961351800877439
14:59,466,0.02428934130538009
15:00,26345,1.3731817525541599
15:01,467,0.024341464355391633
15:02,660,0.03440121300761987
15:03,662,0.03450545910764296
15:04,575,0.029970753756638522
15:05,3363,0.1752898171888267
15:06,595,0.031013214756869426
15:07,724,0.03773708820835876
15:08,753,0.03924865665869358
15:09,682,0.035547920107873866
15:10,6100,0.31795060507042605
15:11,682,0.035547920107873866
15:12,772,0.040238994608912934
15:13,661,0.034453336057631415
15:14,575,0.029970753756638522
15:15,7737,0.40327603793932565
15:16,542,0.028250693106257527
15:17,631,0.032889644557285054
15:18,696,0.0362776428080355
15:19,534,0.027833708706165167
15:20,6957,0.36262005893032034
15:21,428,0.02230866540494137
15:22,639,0.03330662895737742
15:23,558,0.029084661906442252
15:24,510,0.02658275550588808
15:25,3006,0.15668188833470503
15:26,534,0.027833708706165167
15:27,518,0.026999739905980442
15:28,500,0.026061525005772627
15:29,398,0.020744973904595013
15:30,15218,0.7932085750756958
15:31,334,0.017409098703856117
15:32,383,0.019963128154421833
15:33,432,0.02251715760498755
15:34,361,0.018816421054167837
15:35,2907,0.15152170638356205
15:36,457,0.023820233855276183
15:37,512,0.02668700160591117
15:38,591,0.030804722556823247
15:39,388,0.02022374340447956
15:40,6474,0.337444625774744
15:41,359,0.018712174954144747
15:42,475,0.024758448755483997
15:43,459,0.023924479955299272
15:44,460,0.023976603005310817
15:45,7104,0.37028214728201747
15:46,455,0.02371598775525309
15:47,508,0.026478509405864988
15:48,564,0.029397400206511524
15:49,457,0.023820233855276183
15:50,6627,0.3454194524265104
15:51,447,0.02329900335516073
15:52,486,0.025331802305610995
15:53,565,0.02944952325652307
15:54,522,0.027208232106026624
15:55,3064,0.15970502523537466
15:56,541,0.028198570056245983
15:57,535,0.02788583175617671
15:58,671,0.03497456655774687
15:59,430,0.02241291150496446
16:00,27009,1.4077914577618258
16:01,361,0.018816421054167837
16:02,542,0.028250693106257527
16:03,548,0.0285634314063268
16:04,654,0.034088474707550595
16:05,3303,0.17216243418813398
16:06,579,0.030179245956684704
16:07,638,0.033254505907365874
16:08,756,0.03940502580872821
16:09,659,0.034349089957608325
16:10,6086,0.3172208823702644
16:11,627,0.032681152357238875
16:12,816,0.04253240880942093
16:13,651,0.03393210555751596
16:14,720,0.037528596008312584
16:15,8452,0.4405440186975805
16:16,735,0.03831044175848576
16:17,666,0.03471395130768914
16:18,823,0.042897270159501746
16:19,661,0.034453336057631415
16:20,8317,0.4335074069460219
16:21,591,0.030804722556823247
16:22,775,0.040395363758947575
16:23,726,0.03784133430838185
16:24,791,0.041229332559132296
16:25,4035,0.21031650679658512
16:26,636,0.033150259807342784
16:27,694,0.03617339670801241
16:28,847,0.04414822335977883
16:29,617,0.03215992185712342
16:30,19531,1.0180152897754904
16:31,513,0.026739124655922715
16:32,609,0.03174293745703106
16:33,632,0.0329417676072966
16:34,582,0.030335615106719338
16:35,3735,0.19467959179312153
16:36,659,0.034349089957608325
16:37,677,0.035287304857816136
16:38,782,0.04076022510902839
16:39,616,0.03210779880711188
16:40,7724,0.4025984382891756
16:41,545,0.028407062256292165
16:42,742,0.03867530310856658
16:43,727,0.037893457358393404
16:44,688,0.035860658407943134
16:45,8569,0.4466424155489313
16:46,676,0.03523518180780459
16:47,700,0.03648613500808168
16:48,839,0.04373123895968647
16:49,613,0.03195142965707724
16:50,7692,0.4009305006888061
16:51,537,0.0279900778561998
16:52,672,0.03502668960775841
16:53,702,0.036590381108104766
16:54,656,0.034192720807573684
16:55,3490,0.18190944454029295
16:56,644,0.03356724420743514
16:57,679,0.035391550957839225
16:58,757,0.03945714885873976
16:59,475,0.024758448755483997
17:00,26471,1.3797492568556144
17:01,520,0.027103986006003535
17:02,642,0.03346299810741205
17:03,602,0.031378076106950245
17:04,668,0.034818197407712234
17:05,3741,0.1949923300931908
17:06,660,0.03440121300761987
17:07,607,0.03163869135700797
17:08,824,0.04294939320951329
17:09,646,0.03367149030745824
17:10,5772,0.30085424466663924
17:11,722,0.03763284210833567
17:12,821,0.04279302405947866
17:13,675,0.03518305875779305
17:14,661,0.034453336057631415
17:15,8336,0.43449774489624127
17:16,618,0.03221204490713497
17:17,787,0.04102084035908612
17:18,837,0.04362699285966338
17:19,680,0.03544367400785078
17:20,7798,0.4064555439900299
17:21,592,0.03085684560683479
17:22,739,0.038518933958531947
17:23,681,0.03549579705786232
17:24,684,0.035652166207896956
17:25,4185,0.21813496429831689
17:26,648,0.03377573640748133
17:27,609,0.03174293745703106
17:28,787,0.04102084035908612
17:29,607,0.03163869135700797
17:30,18336,0.9557282450116938
17:31,486,0.025331802305610995
17:32,607,0.03163869135700797
17:33,659,0.034349089957608325
17:34,630,0.03283752150727351
17:35,3956,0.20619878584567303
17:36,707,0.0368509963581625
17:37,633,0.03299389065730814
17:38,832,0.043366377609605655
17:39,588,0.03064835340678861
17:40,7148,0.37257556148252546
17:41,596,0.031065337806880974
17:42,733,0.03820619565846267
17:43,677,0.035287304857816136
17:44,620,0.032316291007158056
17:45,8047,0.4194341834429047
17:46,609,0.03174293745703106
17:47,637,0.03320238285735433
17:48,729,0.03799770345841649
17:49,612,0.0318993066070657
17:50,7507,0.39128773643667025
17:51,539,0.028094323956222893
17:52,618,0.03221204490713497
17:53,693,0.036121273658000864
17:54,653,0.03403635165753905
17:55,3489,0.1818573214902814
17:56,622,0.03242053710718115
17:57,620,0.032316291007158056
17:58,755,0.03935290275871667
17:59,461,0.02402872605532236
18:00,24453,1.2745649419323162
18:01,453,0.02361174165523
18:02,645,0.03361936725744669
18:03,542,0.028250693106257527
18:04,585,0.030491984256753975
18:05,3164,0.16491733023652919
18:06,651,0.03393210555751596
18:07,583,0.030387738156730883
18:08,710,0.03700736550819713
18:09,625,0.032576906257215786
18:10,5194,0.27072712175996605
18:11,610,0.03179506050704261
18:12,683,0.03560004315788541
18:13,678,0.03533942790782768
18:14,611,0.031847183557054154
18:15,7279,0.37940368103403793
18:16,606,0.031586568306996424
18:17,592,0.03085684560683479
18:18,791,0.041229332559132296
18:19,569,0.02965801545656925
18:20,7061,0.36804085613152104
18:21,487,0.02538392535562254
18:22,691,0.03601702755797777
18:23,625,0.032576906257215786
18:24,660,0.03440121300761987
18:25,3521,0.18352525909065084
18:26,617,0.03215992185712342
18:27,606,0.031586568306996424
18:28,662,0.03450545910764296
18:29,518,0.026999739905980442
18:30,16342,0.8517948832886726
18:31,454,0.023663864705241545
18:32,555,0.02892829275640762
18:33,583,0.030387738156730883
18:34,516,0.026895493805957352
18:35,3182,0.165855545136737
18:36,549,0.028615554456338347
18:37,587,0.030596230356777065
18:38,625,0.032576906257215786
18:39,501,0.026113648055784172
18:40,6166,0.32139072637118804
18:41,455,0.02371598775525309
18:42,553,0.028824046656384526
18:43,570,0.029710138506580795
18:44,603,0.03143019915696179
18:45,6715,0.3500062808275264
18:46,518,0.026999739905980442
18:47,587,0.030596230356777065
18:48,667,0.03476607435770068
18:49,511,0.026634878555899626
18:50,6182,0.32222469517137275
18:51,433,0.022569280654999097
18:52,556,0.028980415806419163
18:53,576,0.030022876806650067
18:54,556,0.028980415806419163
18:55,2707,0.141097096381253
18:56,553,0.028824046656384526
18:57,507,0.026426386355853444
18:58,582,0.030335615106719338
18:59,388,0.02022374340447956
19:00,20202,1.0529898563332372
19:01,402,0.020953466104641192
19:02,453,0.02361174165523
19:03,454,0.023663864705241545
19:04,479,0.024966940955530176
19:05,2612,0.1361454066301562
19:06,488,0.025436048405634085
19:07,537,0.0279900778561998
19:08,600,0.031273830006927156
19:09,448,0.023351126405172274
19:10,4193,0.21855194869840924
19:11,536,0.027937954806188256
19:12,555,0.02892829275640762
19:13,539,0.028094323956222893
19:14,518,0.026999739905980442
19:15,5748,0.2996032914663621
19:16,508,0.026478509405864988
19:17,542,0.028250693106257527
19:18,591,0.030804722556823247
19:19,517,0.026947616855968897
19:20,5772,0.30085424466663924
19:21,378,0.019702512904364106
19:22,533,0.027781585656153622
19:23,487,0.02538392535562254
19:24,511,0.026634878555899626
19:25,2834,0.14771672373271924
19:26,484,0.025227556205587903
19:27,505,0.026322140255830354
19:28,584,0.03043986120674243
19:29,438,0.02282989590505682
19:30,13150,0.6854181076518201
19:31,327,0.017044237353775298
19:32,479,0.024966940955530176
19:33,450,0.023455372505195363
19:34,440,0.022934142005079913
19:35,2591,0.13505082257991377
19:36,442,0.023038388105103003
19:37,510,0.02658275550588808
19:38,597,0.03111746085689252
19:39,449,0.02340324945518382
19:40,4957,0.2583739589072298
19:41,382,0.01991100510441029
19:42,473,0.024654202655460904
19:43,488,0.025436048405634085
19:44,464,0.024185095205357
19:45,5516,0.28751074386368364
19:46,470,0.02449783350542627
19:47,474,0.024706325705472452
19:48,526,0.027416724306072806
19:49,423,0.022048050154883644
19:50,5044,0.2629086642582343
19:51,345,0.017982452253983112
19:52,446,0.023246880305149185
19:53,427,0.022256542354929826
19:54,466,0.02428934130538009
19:55,2242,0.11685987812588447
19:56,451,0.02350749555520691
19:57,459,0.023924479955299272
19:58,506,0.0263742633058419
19:59,339,0.01766971395391384
1:00,5633,0.2936091407150344
1:01,170,0.008860918501962694
1:02,189,0.009851256452182053
1:03,175,0.00912153375202042
1:04,188,0.009799133402170509
1:05,1064,0.055458925212284155
1:06,181,0.00943427205208969
1:07,220,0.011467071002539957
1:08,226,0.011779809302609228
1:09,204,0.010633102202355232
1:10,1637,0.08532543286889958
1:11,185,0.009642764252135873
1:12,189,0.009851256452182053
1:13,208,0.010841594402401414
1:14,191,0.009955502552205144
1:15,1983,0.10336000817289424
1:16,179,0.009330025952066601
1:17,205,0.010685225252366778
1:18,195,0.010163994752251325
1:19,181,0.00943427205208969
1:20,2012,0.10487157662322906
1:21,143,0.007453596151650971
1:22,203,0.010580979152343687
1:23,167,0.008704549351928059
1:24,170,0.008860918501962694
1:25,993,0.051758188661464435
1:26,171,0.008913041551974239
1:27,182,0.009486395102101237
1:28,182,0.009486395102101237
1:29,138,0.007192980901593245
1:30,3905,0.20354051029508421
1:31,116,0.00604627380133925
1:32,146,0.007609965301685608
1:33,148,0.007714211401708698
1:34,150,0.007818457501731789
1:35,922,0.04805745211064472
1:36,158,0.00823544190182415
1:37,162,0.008443934101870332
1:38,181,0.00943427205208969
1:39,142,0.0074014731016394265
1:40,1627,0.08480420236878414
1:41,136,0.007088734801570155
1:42,166,0.008652426301916512
1:43,165,0.008600303251904967
1:44,148,0.007714211401708698
1:45,1798,0.09371724392075836
1:46,135,0.0070366117515586095
1:47,174,0.009069410702008875
1:48,195,0.010163994752251325
1:49,143,0.007453596151650971
1:50,1777,0.09262265987051592
1:51,119,0.0062026429513738855
1:52,155,0.008079072751789514
1:53,147,0.007662088351697152
1:54,140,0.007297227001616335
1:55,784,0.04086447120905148
1:56,125,0.006515381251443157
1:57,156,0.00813119580180106
1:58,182,0.009486395102101237
1:59,96,0.0050038128011083444
20:00,16240,0.8464783321874949
20:01,299,0.015584791953452031
20:02,394,0.02053648170454883
20:03,390,0.02032798950450265
20:04,422,0.0219959271048721
20:05,2155,0.11232517277488002
20:06,430,0.02241291150496446
20:07,442,0.023038388105103003
20:08,553,0.028824046656384526
20:09,413,0.02152681965476819
20:10,3623,0.18884181019182847
20:11,415,0.02163106575479128
20:12,677,0.035287304857816136
20:13,803,0.04185480915927084
20:14,683,0.03560004315788541
20:15,5315,0.27703401081136303
20:16,594,0.03096109170685788
20:17,548,0.0285634314063268
20:18,543,0.028302816156269072
20:19,434,0.022621403705010642
20:20,4419,0.2303317580010185
20:21,370,0.019285528504271746
20:22,469,0.024445710455414726
20:23,410,0.021370450504733556
20:24,434,0.022621403705010642
20:25,2336,0.12175944482696972
20:26,381,0.019858882054398744
20:27,450,0.023455372505195363
20:28,470,0.02449783350542627
20:29,333,0.01735697565384457
20:30,10455,0.5449464878707057
20:31,296,0.015428422803417396
20:32,350,0.01824306750404084
20:33,406,0.021161958304687374
20:34,400,0.020849220004618103
20:35,2223,0.1158695401756651
20:36,377,0.01965038985435256
20:37,410,0.021370450504733556
20:38,497,0.025905155855737994
20:39,372,0.019389774604294835
20:40,3893,0.20291503369494568
20:41,308,0.01605389940355594
20:42,409,0.021318327454722008
20:43,403,0.021005589154652737
20:44,379,0.01975463595437565
20:45,4410,0.22986265055091457
20:46,373,0.01944189765430638
20:47,380,0.019806759004387196
20:48,442,0.023038388105103003
20:49,386,0.020119497304456467
20:50,3910,0.20380112554514196
20:51,322,0.01678362210371757
20:52,397,0.020692850854583465
20:53,408,0.021266204404710463
20:54,336,0.017513344803879206
20:55,1889,0.09846044147180899
20:56,329,0.01714848345379839
20:57,361,0.018816421054167837
20:58,422,0.0219959271048721
20:59,275,0.014333838753174946
21:00,13457,0.7014198840053645
21:01,213,0.011102209652459139
21:02,343,0.017878206153960022
21:03,340,0.01772183700392539
21:04,329,0.01714848345379839
21:05,1801,0.093873613070793
21:06,380,0.019806759004387196
21:07,374,0.019494020704317924
21:08,412,0.021474696604756646
21:09,383,0.019963128154421833
21:10,3082,0.16064324013558248
21:11,352,0.01834731360406393
21:12,406,0.021161958304687374
21:13,415,0.02163106575479128
21:14,334,0.017409098703856117
21:15,4116,0.21453847384752028
21:16,333,0.01735697565384457
21:17,369,0.0192334054542602
21:18,439,0.02288201895506837
21:19,343,0.017878206153960022
21:20,3883,0.20239380319483022
21:21,342,0.017826083103948478
21:22,419,0.02183955795483746
21:23,387,0.020171620354468015
21:24,351,0.018295190554052383
21:25,1986,0.10351637732292887
21:26,354,0.01845155970408702
21:27,361,0.018816421054167837
21:28,424,0.02210017320489519
21:29,286,0.014907192303301942
21:30,9226,0.48088725940651655
21:31,276,0.01438596180318649
21:32,322,0.01678362210371757
21:33,322,0.01678362210371757
21:34,294,0.015324176703394305
21:35,1856,0.096740380821428
21:36,321,0.016731499053706026
21:37,332,0.017304852603833024
21:38,367,0.019129159354237108
21:39,293,0.01527205365338276
21:40,3568,0.18597504244119348
21:41,300,0.015636915003463578
21:42,315,0.016418760753636755
21:43,349,0.018190944454029294
21:44,357,0.018607928854121655
21:45,3937,0.20520844789545367
21:46,332,0.017304852603833024
21:47,350,0.01824306750404084
21:48,387,0.020171620354468015
21:49,317,0.016523006853659847
21:50,3752,0.1955656836433178
21:51,295,0.015376299753405851
21:52,301,0.015689038053475123
21:53,333,0.01735697565384457
21:54,304,0.015845407203509757
21:55,1561,0.08136408106802215
21:56,332,0.017304852603833024
21:57,311,0.016210268553590576
21:58,363,0.018920667154190926
21:59,254,0.013239254702932494
22:00,11925,0.6215673713876771
22:01,219,0.01141494795252841
22:02,292,0.015219930603371215
22:03,295,0.015376299753405851
22:04,296,0.015428422803417396
22:05,1560,0.0813119580180106
22:06,307,0.016001776353544394
22:07,338,0.017617590903902296
22:08,375,0.019546143754329472
22:09,284,0.014802946203278853
22:10,2803,0.14610090918236135
22:11,306,0.01594965330353285
22:12,337,0.01756546785389075
22:13,334,0.017409098703856117
22:14,364,0.018972790204202474
22:15,3702,0.19295953114274053
22:16,311,0.016210268553590576
22:17,314,0.01636663770362521
22:18,379,0.01975463595437565
22:19,338,0.017617590903902296
22:20,3292,0.17158908063800699
22:21,302,0.015741161103486667
22:22,373,0.01944189765430638
22:23,314,0.01636663770362521
22:24,306,0.01594965330353285
22:25,1742,0.09079835312011184
22:26,306,0.01594965330353285
22:27,340,0.01772183700392539
22:28,356,0.01855580580411011
22:29,255,0.01329137775294404
22:30,8546,0.44544358539866574
22:31,228,0.011884055402632319
22:32,265,0.013812608253059492
22:33,270,0.014073223503117219
22:34,293,0.01527205365338276
22:35,1780,0.09277902902055056
22:36,289,0.01506356145333658
22:37,300,0.015636915003463578
22:38,343,0.017878206153960022
22:39,248,0.012926516402863223
22:40,3401,0.1772704930892654
22:41,245,0.012770147252828587
22:42,307,0.016001776353544394
22:43,305,0.015897530253521305
22:44,275,0.014333838753174946
22:45,3700,0.19285528504271746
22:46,269,0.014021100453105674
22:47,334,0.017409098703856117
22:48,363,0.018920667154190926
22:49,254,0.013239254702932494
22:50,3980,0.20744973904595013
22:51,264,0.013760485203047948
22:52,285,0.014855069253290398
22:53,300,0.015636915003463578
22:54,251,0.013082885552897858
22:55,1551,0.08084285056790669
22:56,280,0.01459445400323267
22:57,287,0.014959315353313489
22:58,359,0.018712174954144747
22:59,224,0.011675563202586137
23:00,9927,0.5174255174646097
23:01,230,0.011988301502655408
23:02,271,0.014125346553128764
23:03,252,0.013135008602909405
23:04,272,0.01417746960314031
23:05,1682,0.08767097011941911
23:06,240,0.012509532002770862
23:07,310,0.016158145503579028
23:08,326,0.016992114303763753
23:09,269,0.014021100453105674
23:10,2701,0.14078435808118372
23:11,305,0.015897530253521305
23:12,299,0.015584791953452031
23:13,249,0.012978639452874769
23:14,283,0.014750823153267307
23:15,3600,0.1876429800415629
23:16,245,0.012770147252828587
23:17,274,0.0142817157031634
23:18,282,0.014698700103255762
23:19,242,0.012613778102793951
23:20,2928,0.1526162904338045
23:21,200,0.010424610002309051
23:22,235,0.012248916752713135
23:23,295,0.015376299753405851
23:24,230,0.011988301502655408
23:25,1292,0.06734298061491648
23:26,219,0.01141494795252841
23:27,216,0.011258578802493775
23:28,265,0.013812608253059492
23:29,156,0.00813119580180106
23:30,5897,0.30736962591808237
23:31,141,0.007349350051627881
23:32,168,0.008756672401939603
23:33,194,0.01011187170223978
23:34,211,0.01099796355243605
23:35,1572,0.08193743461814915
23:36,225,0.011727686252597682
23:37,254,0.013239254702932494
23:38,272,0.01417746960314031
23:39,211,0.01099796355243605
23:40,2930,0.1527205365338276
23:41,180,0.009382149002078146
23:42,199,0.010372486952297507
23:43,229,0.011936178452643864
23:44,214,0.011154332702470685
23:45,3030,0.15793284153498213
23:46,218,0.011362824902516866
23:47,249,0.012978639452874769
23:48,224,0.011675563202586137
23:49,218,0.011362824902516866
23:50,3363,0.1752898171888267
23:51,184,0.009590641202124326
23:52,214,0.011154332702470685
23:53,244,0.012718024202817042
23:54,229,0.011936178452643864
23:55,1687,0.08793158536947684
23:56,233,0.012144670652690044
23:57,232,0.0120925476026785
23:58,289,0.01506356145333658
23:59,265,0.013812608253059492
2:00,4448,0.2318433264513533
2:01,118,0.00615051990136234
2:02,113,0.005889904651304614
2:03,124,0.006463258201431611
2:04,137,0.0071408578515817
2:05,780,0.0406559790090053
2:06,134,0.006984488701547064
2:07,138,0.007192980901593245
2:08,156,0.00813119580180106
2:09,141,0.007349350051627881
2:10,1188,0.06192218341371576
2:11,140,0.007297227001616335
2:12,159,0.008287564951835696
2:13,147,0.007662088351697152
2:14,141,0.007349350051627881
2:15,1475,0.07688149876702925
2:16,128,0.006671750401477793
2:17,128,0.006671750401477793
2:18,154,0.00802694970177797
2:19,137,0.0071408578515817
2:20,1469,0.07656876046695998
2:21,111,0.005785658551281523
2:22,144,0.007505719201662517
2:23,124,0.006463258201431611
2:24,138,0.007192980901593245
2:25,717,0.03737222685827795
2:26,131,0.006828119551512428
2:27,132,0.006880242601523974
2:28,150,0.007818457501731789
2:29,105,0.0054729202512122516
2:30,3085,0.16079960928561712
2:31,84,0.004378336200969802
2:32,108,0.005629289401246887
2:33,114,0.0059420277013161596
2:34,127,0.006619627351466247
2:35,726,0.03784133430838185
2:36,123,0.006411135151420067
2:37,141,0.007349350051627881
2:38,139,0.007245103951604791
2:39,120,0.006254766001385431
2:40,1241,0.06468470506432766
2:41,130,0.006775996501500884
2:42,124,0.006463258201431611
2:43,114,0.0059420277013161596
2:44,113,0.005889904651304614
2:45,1372,0.07151282461584009
2:46,111,0.005785658551281523
2:47,128,0.006671750401477793
2:48,135,0.0070366117515586095
2:49,103,0.005368674151189161
2:50,1374,0.07161707071586318
2:51,92,0.004795320601062163
2:52,106,0.005525043301223797
2:53,134,0.006984488701547064
2:54,124,0.006463258201431611
2:55,621,0.0323684140571696
2:56,119,0.0062026429513738855
2:57,119,0.0062026429513738855
2:58,131,0.006828119551512428
2:59,89,0.0046389514510275275
3:00,3805,0.1983282052939297
3:01,92,0.004795320601062163
3:02,113,0.005889904651304614
3:03,104,0.005420797201200707
3:04,99,0.00516018195114298
3:05,596,0.031065337806880974
3:06,122,0.006359012101408521
3:07,125,0.006515381251443157
3:08,110,0.005733535501269978
3:09,99,0.00516018195114298
3:10,1031,0.05373886456190316
3:11,102,0.005316551101177616
3:12,120,0.006254766001385431
3:13,109,0.005681412451258433
3:14,97,0.00505593585111989
3:15,1338,0.06974064091544756
3:16,108,0.005629289401246887
3:17,115,0.005994150751327704
3:18,150,0.007818457501731789
3:19,103,0.005368674151189161
3:20,1277,0.06656113486474328
3:21,96,0.0050038128011083444
3:22,109,0.005681412451258433
3:23,108,0.005629289401246887
3:24,95,0.004951689751096799
3:25,632,0.0329417676072966
3:26,114,0.0059420277013161596
3:27,109,0.005681412451258433
3:28,109,0.005681412451258433
3:29,108,0.005629289401246887
3:30,2702,0.1408364811311953
3:31,80,0.00416984400092362
3:32,97,0.00505593585111989
3:33,106,0.005525043301223797
3:34,87,0.004534705351004437
3:35,523,0.02726035515603817
3:36,100,0.005212305001154526
3:37,109,0.005681412451258433
3:38,120,0.006254766001385431
3:39,106,0.005525043301223797
3:40,1196,0.062339167813808126
3:41,84,0.004378336200969802
3:42,102,0.005316551101177616
3:43,98,0.005108058901131435
3:44,94,0.004899566701085254
3:45,1333,0.06948002566538983
3:46,108,0.005629289401246887
3:47,111,0.005785658551281523
3:48,118,0.00615051990136234
3:49,108,0.005629289401246887
3:50,1294,0.06744722671493956
3:51,86,0.004482582300992892
3:52,108,0.005629289401246887
3:53,101,0.005264428051166071
3:54,95,0.004951689751096799
3:55,588,0.03064835340678861
3:56,102,0.005316551101177616
3:57,111,0.005785658551281523
3:58,126,0.006567504301454702
3:59,84,0.004378336200969802
4:00,3879,0.20218531099478404
4:01,88,0.004586828401015983
4:02,80,0.00416984400092362
4:03,95,0.004951689751096799
4:04,100,0.005212305001154526
4:05,664,0.03460970520766605
4:06,97,0.00505593585111989
4:07,123,0.006411135151420067
4:08,134,0.006984488701547064
4:09,114,0.0059420277013161596
4:10,1059,0.055198309962226424
4:11,117,0.006098396851350795
4:12,144,0.007505719201662517
4:13,122,0.006359012101408521
4:14,130,0.006775996501500884
4:15,1522,0.07933128211757189
4:16,112,0.0058377816012930685
4:17,128,0.006671750401477793
4:18,151,0.007870580551743334
4:19,134,0.006984488701547064
4:20,1546,0.08058223531784897
4:21,98,0.005108058901131435
4:22,122,0.006359012101408521
4:23,132,0.006880242601523974
4:24,124,0.006463258201431611
4:25,794,0.04138570170916693
4:26,123,0.006411135151420067
4:27,121,0.006306889051396976
4:28,124,0.006463258201431611
4:29,97,0.00505593585111989
4:30,3302,0.17211031113812245
4:31,80,0.00416984400092362
4:32,106,0.005525043301223797
4:33,109,0.005681412451258433
4:34,103,0.005368674151189161
4:35,725,0.03778921125837031
4:36,105,0.0054729202512122516
4:37,134,0.006984488701547064
4:38,144,0.007505719201662517
4:39,119,0.0062026429513738855
4:40,1395,0.07271165476610564
4:41,95,0.004951689751096799
4:42,120,0.006254766001385431
4:43,142,0.0074014731016394265
4:44,133,0.006932365651535519
4:45,1607,0.08376174136855323
4:46,131,0.006828119551512428
4:47,108,0.005629289401246887
4:48,135,0.0070366117515586095
4:49,110,0.005733535501269978
4:50,1522,0.07933128211757189
4:51,116,0.00604627380133925
4:52,110,0.005733535501269978
4:53,117,0.006098396851350795
4:54,139,0.007245103951604791
4:55,654,0.034088474707550595
4:56,118,0.00615051990136234
4:57,105,0.0054729202512122516
4:58,140,0.007297227001616335
4:59,93,0.004847443651073709
5:00,4358,0.22715225195031422
5:01,96,0.0050038128011083444
5:02,127,0.006619627351466247
5:03,111,0.005785658551281523
5:04,115,0.005994150751327704
5:05,667,0.03476607435770068
5:06,131,0.006828119551512428
5:07,114,0.0059420277013161596
5:08,132,0.006880242601523974
5:09,110,0.005733535501269978
5:10,1128,0.05879480041302305
5:11,134,0.006984488701547064
5:12,134,0.006984488701547064
5:13,125,0.006515381251443157
5:14,109,0.005681412451258433
5:15,1540,0.08026949701777969
5:16,100,0.005212305001154526
5:17,112,0.0058377816012930685
5:18,158,0.00823544190182415
5:19,118,0.00615051990136234
5:20,1511,0.07875792856744489
5:21,98,0.005108058901131435
5:22,145,0.007557842251674062
5:23,130,0.006775996501500884
5:24,139,0.007245103951604791
5:25,740,0.03857105700854349
5:26,123,0.006411135151420067
5:27,119,0.0062026429513738855
5:28,161,0.008391811051858785
5:29,99,0.00516018195114298
5:30,3720,0.19389774604294835
5:31,84,0.004378336200969802
5:32,86,0.004482582300992892
5:33,120,0.006254766001385431
5:34,119,0.0062026429513738855
5:35,744,0.03877954920858967
5:36,109,0.005681412451258433
5:37,131,0.006828119551512428
5:38,176,0.009173656802031966
5:39,115,0.005994150751327704
5:40,1596,0.08318838781842623
5:41,108,0.005629289401246887
5:42,125,0.006515381251443157
5:43,123,0.006411135151420067
5:44,143,0.007453596151650971
5:45,1841,0.09595853507125482
5:46,132,0.006880242601523974
5:47,136,0.007088734801570155
5:48,162,0.008443934101870332
5:49,120,0.006254766001385431
5:50,1888,0.09840831842179744
5:51,104,0.005420797201200707
5:52,116,0.00604627380133925
5:53,148,0.007714211401708698
5:54,121,0.006306889051396976
5:55,836,0.043574869809651834
5:56,151,0.007870580551743334
5:57,156,0.00813119580180106
5:58,201,0.010476733052320596
5:59,117,0.006098396851350795
6:00,5863,0.3055974422176898
6:01,108,0.005629289401246887
6:02,132,0.006880242601523974
6:03,145,0.007557842251674062
6:04,131,0.006828119551512428
6:05,958,0.04993388191106035
6:06,145,0.007557842251674062
6:07,137,0.0071408578515817
6:08,185,0.009642764252135873
6:09,126,0.006567504301454702
6:10,1607,0.08376174136855323
6:11,137,0.0071408578515817
6:12,192,0.010007625602216689
6:13,160,0.00833968800184724
6:14,157,0.008183318851812605
6:15,2429,0.12660688847804344
6:16,172,0.008965164601985784
6:17,179,0.009330025952066601
6:18,207,0.010789471352389867
6:19,159,0.008287564951835696
6:20,2423,0.12629415017797416
6:21,125,0.006515381251443157
6:22,215,0.01120645575248223
6:23,184,0.009590641202124326
6:24,188,0.009799133402170509
6:25,1217,0.06343375186405058
6:26,157,0.008183318851812605
6:27,174,0.009069410702008875
6:28,228,0.011884055402632319
6:29,168,0.008756672401939603
6:30,6151,0.3206088806210149
6:31,132,0.006880242601523974
6:32,159,0.008287564951835696
6:33,177,0.00922577985204351
6:34,183,0.009538518152112782
6:35,1282,0.06682175011480102
6:36,192,0.010007625602216689
6:37,194,0.01011187170223978
6:38,231,0.012040424552666955
6:39,171,0.008913041551974239
6:40,2783,0.14505844818213046
6:41,142,0.0074014731016394265
6:42,219,0.01141494795252841
6:43,197,0.010268240852274416
6:44,245,0.012770147252828587
6:45,3277,0.1708072348878338
6:46,186,0.009694887302147417
6:47,210,0.010945840502424503
6:48,262,0.013656239103024857
6:49,210,0.010945840502424503
6:50,3570,0.18607928854121655
6:51,181,0.00943427205208969
6:52,197,0.010268240852274416
6:53,244,0.012718024202817042
6:54,224,0.011675563202586137
6:55,1501,0.07823669806732943
6:56,191,0.009955502552205144
6:57,245,0.012770147252828587
6:58,278,0.014490207903209582
6:59,168,0.008756672401939603
7:00,9630,0.5019449716111808
7:01,162,0.008443934101870332
7:02,221,0.011519194052551501
7:03,220,0.011467071002539957
7:04,210,0.010945840502424503
7:05,1872,0.09757434962161272
7:06,239,0.012457408952759316
7:07,251,0.013082885552897858
7:08,315,0.016418760753636755
7:09,216,0.011258578802493775
7:10,2520,0.13135008602909404
7:11,221,0.011519194052551501
7:12,285,0.014855069253290398
7:13,210,0.010945840502424503
7:14,212,0.011050086602447594
7:15,3168,0.16512582243657536
7:16,190,0.009903379502193598
7:17,224,0.011675563202586137
7:18,275,0.014333838753174946
7:19,212,0.011050086602447594
7:20,3054,0.1591837947352592
7:21,182,0.009486395102101237
7:22,257,0.01339562385296713
7:23,203,0.010580979152343687
7:24,209,0.010893717452412958
7:25,1311,0.06833331856513583
7:26,184,0.009590641202124326
7:27,202,0.010528856102332142
7:28,234,0.01219679370270159
7:29,157,0.008183318851812605
7:30,7725,0.4026505613391871
7:31,140,0.007297227001616335
7:32,154,0.00802694970177797
7:33,194,0.01011187170223978
7:34,172,0.008965164601985784
7:35,1523,0.07938340516758342
7:36,199,0.010372486952297507
7:37,237,0.012353162852736226
7:38,268,0.013968977403094128
7:39,181,0.00943427205208969
7:40,3631,0.18925879459192083
7:41,192,0.010007625602216689
7:42,259,0.013499869952990221
7:43,249,0.012978639452874769
7:44,280,0.01459445400323267
7:45,4602,0.23987027615313128
7:46,261,0.013604116053013312
7:47,262,0.013656239103024857
7:48,304,0.015845407203509757
7:49,232,0.0120925476026785
7:50,4848,0.2526925464559714
7:51,210,0.010945840502424503
7:52,294,0.015324176703394305
7:53,318,0.016575129903671392
7:54,292,0.015219930603371215
7:55,1974,0.10289090072279033
7:56,309,0.016106022453567483
7:57,337,0.01756546785389075
7:58,452,0.023559618605218456
7:59,290,0.015115684503348124
8:00,18806,0.9802260785171201
8:01,249,0.012978639452874769
8:02,404,0.021057712204664285
8:03,396,0.02064072780457192
8:04,412,0.021474696604756646
8:05,2580,0.13447746902978677
8:06,440,0.022934142005079913
8:07,435,0.022673526755022187
8:08,521,0.02715610905601508
8:09,420,0.021891681004849006
8:10,4529,0.23606529350228847
8:11,435,0.022673526755022187
8:12,519,0.027051862955991986
8:13,503,0.026217894155807265
8:14,475,0.024758448755483997
8:15,6802,0.3545409861785308
8:16,481,0.02507118705555327
8:17,480,0.025019064005541724
8:18,530,0.027625216506118985
8:19,443,0.023090511155114547
8:20,6269,0.32675940052237723
8:21,424,0.02210017320489519
8:22,535,0.02788583175617671
8:23,520,0.027103986006003535
8:24,527,0.02746884735608435
8:25,3114,0.16231117773595194
8:26,509,0.026530632455876536
8:27,536,0.027937954806188256
8:28,579,0.030179245956684704
8:29,423,0.022048050154883644
8:30,15774,0.8221889908821148
8:31,361,0.018816421054167837
8:32,496,0.025853032805726445
8:33,509,0.026530632455876536
8:34,468,0.02439358740540318
8:35,2870,0.14959315353313488
8:36,538,0.02804220090621135
8:37,576,0.030022876806650067
8:38,586,0.03054410730676552
8:39,425,0.022152296254906733
8:40,6005,0.3129989153193293
8:41,433,0.022569280654999097
8:42,508,0.026478509405864988
8:43,487,0.02538392535562254
8:44,532,0.027729462606142077
8:45,6810,0.3549579705786232
8:46,492,0.025644540605680267
8:47,549,0.028615554456338347
8:48,580,0.03023136900669625
8:49,456,0.023768110805264638
8:50,6289,0.3278018615226081
8:51,441,0.022986265055091458
8:52,514,0.02679124770593426
8:53,504,0.02627001720581881
8:54,489,0.02548817145564563
8:55,2724,0.1419831882314493
8:56,494,0.025748786705703356
8:57,542,0.028250693106257527
8:58,560,0.02918890800646534
8:59,395,0.020588604754560376
9:00,20258,1.0559087471338837
9:01,366,0.019077036304225563
9:02,470,0.02449783350542627
9:03,482,0.025123310105564813
9:04,485,0.02527967925559945
9:05,2697,0.14057586588113755
9:06,518,0.026999739905980442
9:07,505,0.026322140255830354
9:08,617,0.03215992185712342
9:09,468,0.02439358740540318
9:10,4328,0.22558856044996786
9:11,504,0.02627001720581881
9:12,628,0.03273327540725042
9:13,516,0.026895493805957352
9:14,493,0.02569666365569181
9:15,6449,0.33614154952445535
9:16,501,0.026113648055784172
9:17,467,0.024341464355391633
9:18,623,0.0324726601571927
9:19,469,0.024445710455414726
9:20,5843,0.30455498121745894
9:21,427,0.022256542354929826
9:22,510,0.02658275550588808
9:23,527,0.02746884735608435
9:24,506,0.0263742633058419
9:25,2926,0.1525120443337814
9:26,493,0.02569666365569181
9:27,510,0.02658275550588808
9:28,546,0.02845918530630371
9:29,407,0.02121408135469892
9:30,14799,0.7713690171208583
9:31,323,0.01683574515372912
9:32,437,0.022777772855045276
9:33,445,0.02319475725513764
9:34,408,0.021266204404710463
9:35,2631,0.13713574458037556
9:36,496,0.025853032805726445
9:37,469,0.024445710455414726
9:38,599,0.031221706956915608
9:39,453,0.02361174165523
9:40,5387,0.2807868704121943
9:41,405,0.02110983525467583
9:42,505,0.026322140255830354
9:43,466,0.02428934130538009
9:44,494,0.025748786705703356
9:45,6137,0.31987915792085325
9:46,507,0.026426386355853444
9:47,465,0.024237218255368544
9:48,562,0.029293154106488434
9:49,464,0.024185095205357
9:50,5668,0.2954334474654385
9:51,370,0.019285528504271746
9:52,467,0.024341464355391633
9:53,475,0.024758448755483997
9:54,451,0.02350749555520691
9:55,2500,0.13030762502886314
9:56,459,0.023924479955299272
9:57,473,0.024654202655460904
9:58,560,0.02918890800646534
9:59,305,0.015897530253521305
